Workbook

Sheet 요약
A1: 집플랜 랜딩페이지 · 주요 CTA 노출/클릭 정리
A2: 랜딩: https://wjdgus6480.github.io/AGM_1026_CJW/ · 출처: Amplitude 프로젝트 890674, 이벤트 총 횟수(Event Totals), 2026-10-19~2026-10-26 조회 (2026-10-26)
A3: ※ 현재 데이터는 대부분 테스트(utm_source = claude_test)입니다. 실제 성과는 '테스트 제외' 열을 보세요.
A5: CTA 정보 | F5: 전체 (테스트 포함) | I5: 테스트 제외 (실제 방문)
A6: No | B6: 스크린샷 (모바일 390px) | C6: position (버튼 위치) | D6: 위치 설명 · 노출 조건 | E6: 버튼 문구 | F6: 노출 | G6: 클릭 | H6: 클릭률 | I6: 노출 | J6: 클릭 | K6: 클릭률
A7: 1 | C7: header | D7: 상단 메뉴(고정 헤더) · 페이지 열자마자 보임 · 모바일/데스크톱 | E7: 무료 가입 | F7: =SUMIFS('노출'!$E$5:$E$12,'노출'!$B$5:$B$12,C7) | G7: =SUMIFS('클릭'!$E$5:$E$10,'클릭'!$B$5:$B$10,C7) | H7: =IF(F7=0,"-",G7/F7) | I7: =SUMIFS('노출'!$E$5:$E$12,'노출'!$B$5:$B$12,C7,'노출'!$C$5:$C$12,"<>claude_test") | J7: =SUMIFS('클릭'!$E$5:$E$10,'클릭'!$B$5:$B$10,C7,'클릭'!$C$5:$C$10,"<>claude_test") | K7: =IF(I7=0,"-",J7/I7)
A8: 2 | C8: hero | D8: 첫 화면 · 페이지 열자마자 보임 · 모바일/데스크톱 | E8: 무료 가입하고 무제한 확인하기 | F8: =SUMIFS('노출'!$E$5:$E$12,'노출'!$B$5:$B$12,C8) | G8: =SUMIFS('클릭'!$E$5:$E$10,'클릭'!$B$5:$B$10,C8) | H8: =IF(F8=0,"-",G8/F8) | I8: =SUMIFS('노출'!$E$5:$E$12,'노출'!$B$5:$B$12,C8,'노출'!$C$5:$C$12,"<>claude_test") | J8: =SUMIFS('클릭'!$E$5:$E$10,'클릭'!$B$5:$B$10,C8,'클릭'!$C$5:$C$10,"<>claude_test") | K8: =IF(I8=0,"-",J8/I8)
A9: 3 | C9: benefits | D9: 혜택 2가지 소개 바로 아래 · 혜택 영역까지 스크롤 시 | E9: 무료 가입하고 두 혜택 받기 | F9: =SUMIFS('노출'!$E$5:$E$12,'노출'!$B$5:$B$12,C9) | G9: =SUMIFS('클릭'!$E$5:$E$10,'클릭'!$B$5:$B$10,C9) | H9: =IF(F9=0,"-",G9/F9) | I9: =SUMIFS('노출'!$E$5:$E$12,'노출'!$B$5:$B$12,C9,'노출'!$C$5:$C$12,"<>claude_test") | J9: =SUMIFS('클릭'!$E$5:$E$10,'클릭'!$B$5:$B$10,C9,'클릭'!$C$5:$C$10,"<>claude_test") | K9: =IF(I9=0,"-",J9/I9)
A10: 4 | C10: how | D10: 시작 방법(3단계) 아래 · 시작 방법 영역까지 스크롤 시 | E10: 카카오로 1분 만에 시작하기 | F10: =SUMIFS('노출'!$E$5:$E$12,'노출'!$B$5:$B$12,C10) | G10: =SUMIFS('클릭'!$E$5:$E$10,'클릭'!$B$5:$B$10,C10) | H10: =IF(F10=0,"-",G10/F10) | I10: =SUMIFS('노출'!$E$5:$E$12,'노출'!$B$5:$B$12,C10,'노출'!$C$5:$C$12,"<>claude_test") | J10: =SUMIFS('클릭'!$E$5:$E$10,'클릭'!$B$5:$B$10,C10,'클릭'!$C$5:$C$10,"<>claude_test") | K10: =IF(I10=0,"-",J10/I10)
A11: 5 | C11: final | D11: 페이지 맨 아래 마지막 영역 · 끝까지 스크롤 시 | E11: 무료 가입하고 무제한 확인하기 | F11: =SUMIFS('노출'!$E$5:$E$12,'노출'!$B$5:$B$12,C11) | G11: =SUMIFS('클릭'!$E$5:$E$10,'클릭'!$B$5:$B$10,C11) | H11: =IF(F11=0,"-",G11/F11) | I11: =SUMIFS('노출'!$E$5:$E$12,'노출'!$B$5:$B$12,C11,'노출'!$C$5:$C$12,"<>claude_test") | J11: =SUMIFS('클릭'!$E$5:$E$10,'클릭'!$B$5:$B$10,C11,'클릭'!$C$5:$C$10,"<>claude_test") | K11: =IF(I11=0,"-",J11/I11)
A12: 6 | C12: sticky | D12: 모바일 하단 고정 버튼 · 모바일 전용 · 첫 화면 버튼이 사라진 뒤 표시 | E12: 무료 가입 · 조건 확인 무제한 + 정책 연결 | F12: =SUMIFS('노출'!$E$5:$E$12,'노출'!$B$5:$B$12,C12) | G12: =SUMIFS('클릭'!$E$5:$E$10,'클릭'!$B$5:$B$10,C12) | H12: =IF(F12=0,"-",G12/F12) | I12: =SUMIFS('노출'!$E$5:$E$12,'노출'!$B$5:$B$12,C12,'노출'!$C$5:$C$12,"<>claude_test") | J12: =SUMIFS('클릭'!$E$5:$E$10,'클릭'!$B$5:$B$10,C12,'클릭'!$C$5:$C$10,"<>claude_test") | K12: =IF(I12=0,"-",J12/I12)
A13: 합계 | F13: =SUM(F7:F12) | G13: =SUM(G7:G12) | H13: =IF(F13=0,"-",G13/F13) | I13: =SUM(I7:I12) | J13: =SUM(J7:J12) | K13: =IF(I13=0,"-",J13/I13)
A15: · 노출: 버튼이 화면에 50% 이상 보이면 페이지 방문당 위치별 1번 기록 (이벤트 LP Signup CTA Viewed)
A16: · 클릭: 버튼을 누를 때마다 기록 (이벤트 LP Signup CTA Clicked)
A17: · 클릭률 = 클릭 ÷ 노출. 노출 수집은 2026-10-26 배포부터라, 그 전에 생긴 클릭(hero 실제 1건)은 노출 없이 집계될 수 있습니다.
A18: · sticky(하단 고정)는 모바일에서만 보이며, 데스크톱 방문에서는 노출이 기록되지 않습니다.
A19: · 숫자는 '노출'·'클릭' 시트의 원자료를 SUMIFS로 합산합니다. 원자료만 갱신하면 요약이 자동으로 바뀝니다.

Sheet 노출
A1: 노출 원자료 · 이벤트 `LP Signup CTA Viewed`
A2: 출처: Amplitude 프로젝트 890674, 이벤트 총 횟수(Event Totals), 2026-10-19~2026-10-26 조회 (2026-10-26)
A4: 날짜 | B4: position (버튼 위치) | C4: utm_source (유입) | D4: 구분 | E4: 노출 수
A5: 2026-10-26 | B5: header | C5: claude_test | D5: =IF(C5="claude_test","테스트","실제") | E5: 2
A6: 2026-10-26 | B6: hero | C6: claude_test | D6: =IF(C6="claude_test","테스트","실제") | E6: 2
A7: 2026-10-26 | B7: benefits | C7: claude_test | D7: =IF(C7="claude_test","테스트","실제") | E7: 2
A8: 2026-10-26 | B8: how | C8: claude_test | D8: =IF(C8="claude_test","테스트","실제") | E8: 2
A9: 2026-10-26 | B9: final | C9: claude_test | D9: =IF(C9="claude_test","테스트","실제") | E9: 2
A10: 2026-10-26 | B10: sticky | C10: claude_test | D10: =IF(C10="claude_test","테스트","실제") | E10: 1
A11: 2026-10-26 | B11: header | C11: (none) | D11: =IF(C11="claude_test","테스트","실제") | E11: 1
A12: 2026-10-26 | B12: hero | C12: (none) | D12: =IF(C12="claude_test","테스트","실제") | E12: 1
A13: 합계 | E13: =SUM(E5:E12)
A15: 파란 글자 = Amplitude에서 가져온 값. 새 데이터를 붙여넣을 때는 합계 행 위에 행을 삽입하세요.

Sheet 클릭
A1: 클릭 원자료 · 이벤트 `LP Signup CTA Clicked`
A2: 출처: Amplitude 프로젝트 890674, 이벤트 총 횟수(Event Totals), 2026-10-19~2026-10-26 조회 (2026-10-26)
A4: 날짜 | B4: position (버튼 위치) | C4: utm_source (유입) | D4: 구분 | E4: 클릭 수
A5: 2026-10-26 | B5: header | C5: claude_test | D5: =IF(C5="claude_test","테스트","실제") | E5: 1
A6: 2026-10-26 | B6: hero | C6: claude_test | D6: =IF(C6="claude_test","테스트","실제") | E6: 1
A7: 2026-10-26 | B7: benefits | C7: claude_test | D7: =IF(C7="claude_test","테스트","실제") | E7: 1
A8: 2026-10-26 | B8: final | C8: claude_test | D8: =IF(C8="claude_test","테스트","실제") | E8: 2
A9: 2026-10-26 | B9: sticky | C9: claude_test | D9: =IF(C9="claude_test","테스트","실제") | E9: 1
A10: 2026-10-26 | B10: hero | C10: (none) | D10: =IF(C10="claude_test","테스트","실제") | E10: 1
A11: 합계 | E11: =SUM(E5:E10)
A13: 파란 글자 = Amplitude에서 가져온 값. 새 데이터를 붙여넣을 때는 합계 행 위에 행을 삽입하세요.

Sheet 수집 기준
A1: 수집 기준
A3: 항목 | B3: 노출 | C3: 클릭
A4: Amplitude 이벤트 | B4: LP Signup CTA Viewed | C4: LP Signup CTA Clicked
A5: 기록 시점 | B5: 버튼이 화면에 50% 이상 보일 때 | C5: 버튼을 누를 때
A6: 중복 처리 | B6: 페이지 방문당 위치별 1번 | C6: 누를 때마다 기록
A7: 함께 남는 속성 | B7: position, cta_text | C7: position, cta_text
A8: 코드 위치 | B8: index.html · 'CTA 노출' 주석 블록 | C8: index.html · '가입 버튼 링크 연결' 블록
A9: 테스트 방법 | B9: 평가/cta_test.py (기본: 전송 가로채기) | C9: 평가/cta_test.py --send (실제 전송)
A10: 테스트 데이터 구분 | B10: utm_source = claude_test | C10: utm_source = claude_test
